Company Name,Website,Area
Launchpad Five One Six,https://launchpad516.com/,"Farmingdale, NY"
Westchester Business Advisors,https://westchesterbusinessadvisors.com/,"Hawthorne, NY"
Sacandaga Business Solutions,https://www.sbsgroupny.com/sbs/,"Mayfield, NY"
The NYBB Group,https://thenybbgroup.com/,"Melville, NY"
Barbary Collective,https://www.barbarycollective.com/,"New York, NY"
Bloomspace LLC,https://www.bloomspc.com,"New York, NY"
Clearview Analytics,http://www.clearviewanalytics.com,"New York, NY"
Epik Advisory,https://epik-advisory.com/,"New York, NY"
"HAKO, LLC",https://www.myhako.co/,"New York, NY"
Hatfield Advisory,https://www.hatfieldadvisory.com/,"New York, NY"
HBMJ Consulting,https://www.hbmjconsulting.com/,"New York, NY"
Impact Business Development Consulting,https://www.ibdcllc.com/,"New York, NY"
KDH Advisory Group,https://kdhadvisorygroup.com/,"New York, NY"
Multihyphenate,https://www.multihyphenate.nyc/,"New York, NY"
RS Strategy Consulting,https://rsconsulting.info/,"New York, NY"
Seven Results,https://www.sevenresults.com/,"New York, NY"
Sheba Consulting,https://www.shebaconsulting.com/,"New York, NY"
STRUCTURE Hospitality,https://structuregrp.com/,"New York, NY"
Tacit Tech,https://www.tacit-tech.com/,"New York, NY"
TAG Fractional Consulting,https://tag-fractional.com/,"New York, NY"
Visora,https://www.visora.co,"New York, NY"
fassforward,https://www.fassforward.com/,"Pelham, NY"
One 8 & Company,https://one8co.com/,"Uniondale, NY"
Bambace Consulting,https://www.bambaceconsulting.com/,"White Plains, NY"
Bota Consulting Group,https://www.botaconsultinggroup.com/,"White Plains, NY"
Dadata Consulting,http://www.dadataco.com,"White Plains, NY"
Greenlight Consulting & Management,https://www.gcm-nyc.com,"White Plains, NY"
JTX Advisory Group,https://www.jtxadvisorygroup.com,"White Plains, NY"
Lumeric Consulting LLC,http://www.lumericconsulting.com,"White Plains, NY"
Suval Consultants,http://suvalconsultants.com,"White Plains, NY"
Strategy 5 Consulting,https://strategy5.net/,"Andover, MA"
Phoenix Partners Consulting,https://ppcrisk.com,"Beverly, MA"
Aryo Consulting Group,https://aryocg.com/,"Boston, MA"
Gilmer Consulting,https://www.gilmerconsulting.com/,"Boston, MA"
Holistic Capital,https://holisticcap.us.com/,"Boston, MA"
NorthstarPMO,https://www.northstarpmo.com/,"Boston, MA"
ORENG Consulting,http://www.orengconsulting.com,"Boston, MA"
Potens Advisory,https://potens-advisors.com/,"Boston, MA"
Power2U Consulting,http://www.power2u-consulting.com/,"Boston, MA"
Ripples Group,https://www.ripplesgroup.com/,"Boston, MA"
Savika,https://www.savikaconsulting.com/,"Boston, MA"
Strategic Offsites Group,https://www.strategicoffsites.com/,"Boston, MA"
Aciron Consulting,https://www.aciron.com/,"Cambridge, MA"
BioFuturis LLC,http://www.biofuturis.com,"Cambridge, MA"
Clear-i,http://clear-i.com,"Cambridge, MA"
DryLab,https://www.drylab.tech/,"Cambridge, MA"
Quantum Logik Consulting,https://quantumlogik.com/,"Cambridge, MA"
Rising Star Tech Consulting,https://www.risingstartech.io,"Cambridge, MA"
Su Casa,https://www.sucasa.cc,"Cambridge, MA"
Targeted ML Solutions,https://www.tlrevolution.com,"Cambridge, MA"
BLUE SAGE Consulting,http://www.bluesageconsulting.com,"Hopkinton, MA"
GrandView Management,http://www.grandview-management.com,"Newton, MA"
Health Innovation Strategies,http://www.healthinnovationstrategies.com,"Newton, MA"
Identitype,https://identitype.net/,"Newton, MA"
Matrix USA,https://www.matrixusa.com,"Newton, MA"
Maverick & Boutique,http://maverickandboutique.com,"Shelburne Falls, MA"
Oathstone,https://www.oathstone.com/,"South Boston, MA"
Chrysalis Management,http://chrysalismgmt.com,"Waltham, MA"
Dynamic Ideas,https://dynideas.com/,"Waltham, MA"
Trans-Solutions Consulting,https://www.trans-solutions.com,"Waltham, MA"
Hello Consulting,https://www.helloconsultingct.com/,"Hartford, CT"
Reficio,http://reficiocompany.com,"Hartford, CT"
TriPoint Advisors,https://www.tripointadvisors.com,"Hartford, CT"
Pi Restaurant Consulting,https://ctrestaurantconsulting.com/,"Madison, CT"
Pierce Ridge Capital,https://www.pierceridgecapital.com/,"Milford, CT"
Pondview Consulting,http://www.pondviewconsulting.com,"Monroe, CT"
Gaffney Bennett PR,https://gbpr.com/,"New Britain, CT"
360 Alignment Advisors,https://www.360alignmentadvisors.com/home,"New Haven, CT"
Aropa Consulting,https://www.aropaconsulting.com,"New Haven, CT"
Farnam Associates,https://farnamllc.com/,"New Haven, CT"
LEAP Consulting,http://leapevalconsulting.com,"New Haven, CT"
Pkinetix,http://www.pkinetix.com,"New Haven, CT"
Webfactory Solutions,http://webfactorysolutions.com,"New London, CT"
Austin Lawrence Group,https://www.austinlawrence.com/,"Norwalk, CT"
Simone Morris Enterprises,https://www.simonemorrisenterprises.org/,"Norwalk, CT"
Racebrook Consulting,https://www.racebrookconsulting.com,"Orange, CT"
Apex Development Partners,https://www.apexelevates.com,"Stamford, CT"
Higgs Insights,https://www.higgsinsights.com,"Stamford, CT"
Mission Control Productivity,http://www.missioncontrol.com,"Stamford, CT"
Nebular Cross,https://www.nebularcross.com/,"Stamford, CT"
Paragon Strategic Advisors,http://www.paragonstrategicadvisors.com,"Stamford, CT"
StackableTech,https://www.stackabletech.com/,"Stamford, CT"
Clutch Consultancy,https://clutchconsultancy.com/,"West Hartford, CT"
Arize,https://www.arizegp.com/,"Westport, CT"
Birkdale Partners,https://www.birkdalepartners.com/,"Westport, CT"
cLution,http://www.clutionllc.com,"Westport, CT"
PTX Partners,http://www.ptxpartners.com,"Westport, CT"
TMRW Lab,https://www.thetmrwlab.com,"Westport, CT"
Amplify Consulting Services,http://www.amplify-cs.com,"Wilton, CT"
Greenlake Consulting,https://www.greenlakect.com/,"Wilton, CT"
